English Name,Chinese Name
Bai Fangwen,白方文
Cao Tiankai,曹天恺
Chai Huixin,柴慧欣
Chen Si,沉思
Chen Tianxiang,陈添祥
Chen Yunting,陈云廷
Chen Zheng Yang,陈政阳
Deng Lingshu,邓灵枢
Fang Tong,芳彤
Guo Yuxin,郭宇欣
Han Jiahui,韩佳卉
Han Yutong,韩雨彤
He Jianqi,何健麒
Hou Chengyue,侯呈玥
Huang Wenbo,黄文博
Huang Youtian,黄宥天
Ji Junliang,纪君亮
Jin Jiayu,金佳遇
Ke Chun,柯淳
Lanbo,蓝博
Li Baiyan,李柏言
Li Hao,李豪
Li Keyi,李柯以
Li Ruoqi,李若琪
Li Ruoxun,李若洵
Li Zhuoyang,李卓扬
Li Shiyao,李是侥
Liang Siwei,梁思伟
Liu Lan Bo,刘兰博
Liu Lange,刘朗格
Liu Nian,刘念
Liu Runming,刘润铭
Liu Qing,刘擎
Liu Xiaoxu,刘萧旭
Liu Xiyu,刘夕语
Lu Dandong,鹿单东
Lu Lulu,卢鹿鹿
Ma Lejie,马乐婕
Ma Xiaoyu,马小宇
Ma Qiuyuan,马秋元
Min Jie,闵杰
Shen Haonan,沈浩男
Shi Tong,时童
Shi Yueyue,诗越越
Sun Lulu,孙露鹭
Wang Chenpeng,王晨鹏
Wang Daotie,王道铁
Wang Gege,王格格
Wang Haozhen,王皓祯
Wang Jiamao,王嘉懋
Wang Kaimu,王凯沐
Wang Nan,王楠
Wang Peiyan,王培延
Wang Qian Shuo,王千硕
Wang Xiaoyi,王小亿
Wang Xuan,王轩
Wang Yanxin,王彦鑫
Wang Yilei,王译磊
Wang Yiran,王奕然
Wang Yun Yun,王云云
Wang Yuwei,王宇威
Wang Zijia,王子甲
Wang Zilin,王子林
Wang Ziyi,王梓亦
Yang Pengcheng,杨鹏丞
Yao Guanyu,姚冠宇
Ye Haoran,叶皓然
Yu Long,于龙
Yu Xuanchen,于轩晨
Yue Yuting,岳雨婷
Zhai Yiying,翟一莹
Zhang Baiyun,张柏云
Zhang Beixi,张北淅
Zhang Chi,张翅
Zhang Jijun,张集骏
Zhang Jinyi,张晋宜
Zhang Xuan,张旋
Zhang Hongming,张洪鸣
Zhao Ting Yi,赵廷义
Zhao Zhendong,赵振栋
Zheng Feng,郑锋
Zou Kejun,邹柯俊
Zou Yi,左一
